X1.Mo,X3.Mo,X6.Mo,X9.Mo,X1.Yr,X2.Yr,X3.Yr,X5.Yr,X10.Yr
0.00012293502808932423,0.06910304591051597,0.009885038168700469,0.11768142401291266,0.0003020391465572744,0.001001745147710644,0.0022635769438505487,0.0009236871228785647,2.0753444155520496e-06
0.06204357786377802,0.0037364770684110947,0.28045429880001344,0.0961290335394571,0.09157617286387856,0.03299541618228729,0.021778981497358813,0.0838729510263413,0.08493756355235398
0.5914930465035688,0.07296860864578922,0.24362061491660852,1.2634798345516072,0.11063250447441633,0.016474760015900286,0.009521484330875848,0.33594665383241795,0.17761198087596983
3.294538599470171,0.25213177357554495,0.5663754931325778,0.6840043202551936,0.1463934983437041,0.00467230396963071,0.011573288974272131,0.1441036395157472,0.06322218934832717
