X1.Mo,X3.Mo,X6.Mo,X1.Yr,X2.Yr,X3.Yr,X5.Yr,X7.Yr,X10.Yr,X20.Yr,X30.Yr
0.00024158891441021076,0.0007311929099823107,6.0067267999822915e-05,7.96977685189077e-05,0.00036633451000857883,0.000606030735150452,0.0038463884550328986,0.005993579557924288,0.010867996816625326,0.015240072920327424,0.0192977592456641
0.0006524515330712798,0.0007311929065748003,5.061116165892534e-06,0.0015153394145494047,0.0015319291985579785,0.0011983845729041831,0.005186773649811398,0.005993579581425795,0.013052990547767769,0.015240072942996619,0.02217608677366438
0.00024158891628620462,0.0002903813288234162,6.0067266960052926e-05,0.00035824498476071185,0.0015319291985580294,0.0006060307405600352,0.005186773649811494,0.004545215337273255,0.010867996845564918,0.010702045329789685,0.0141411042675152
3.07262995011016e-05,0.0002903813288234162,5.061116165895156e-06,7.969776986634117e-05,0.0015319291985580294,0.00021367690821584158,0.006727158827437457,0.011538672313883773,0.018022977952173776,0.02354711436280716,0.025254414275714107
